sample_id,timestep,acc_x,acc_y,acc_z,gyro_x,gyro_y,gyro_z
0,0,0.41208615899086,-0.2819371521472931,9.8100004196167,-0.03754765912890434,-0.016970889642834663,-0.3013136088848114
0,1,0.3393840789794922,-0.2926478385925293,9.8100004196167,-0.028965461999177933,-0.0021958383731544018,-0.3265918493270874
0,2,0.265315443277359,-0.29864972829818726,9.8100004196167,-0.02589399553835392,0.0003170949930790812,-0.3505550026893616
0,3,0.19017843902111053,-0.29984623193740845,9.8100004196167,-0.0029409725684672594,-0.008011169731616974,-0.37310656905174255
0,4,0.11427567899227142,-0.2962180972099304,9.8100004196167,-0.01311240904033184,-0.01916033960878849,-0.3941558003425598
0,5,0.0379127599298954,-0.2878236770629883,9.8100004196167,-0.018697889521718025,-0.004351133480668068,-0.41361790895462036
0,6,-0.03860281780362129,-0.27479809522628784,9.8100004196167,0.019315242767333984,-0.008804630488157272,-0.43141448497772217
0,7,-0.11496295034885406,-0.257350891828537,9.8100004196167,0.020399853587150574,-0.03462228924036026,-0.44747394323349
0,8,-0.19086018204689026,-0.2357628345489502,9.8100004196167,-0.008275558240711689,0.03770909830927849,-0.46173158288002014
0,9,-0.26598888635635376,-0.21038125455379486,9.8100004196167,0.0004352550022304058,0.014352587051689625,-0.47412997484207153
0,10,-0.3400465250015259,-0.18161454796791077,9.8100004196167,-0.027271240949630737,-0.02441774122416973,-0.48461923003196716
0,11,-0.4127349257469177,-0.1499256193637848,9.8100004196167,-0.01642022468149662,0.004909355193376541,-0.4931570589542389
0,12,-0.48376139998435974,-0.11582431942224503,9.8100004196167,0.01679321378469467,-0.01414528302848339,-0.4997091591358185
0,13,-0.5528399348258972,-0.07985936105251312,9.8100004196167,0.007297554053366184,0.008321906439960003,-0.504249095916748
0,14,-0.6196923851966858,-0.04260943830013275,9.8100004196167,-0.017804017290472984,0.03110985830426216,-0.5067585706710815
0,15,-0.6840495467185974,-0.004673914983868599,9.8100004196167,-0.0017131390050053596,-0.004697078838944435,-0.5072275400161743
0,16,-0.7456522583961487,0.0333368144929409,9.8100004196167,0.03351171687245369,-0.02539176493883133,-0.5056540966033936
0,17,-0.8042525053024292,0.07081114500761032,9.8100004196167,0.01316421665251255,-0.011880951002240181,-0.5020444989204407
0,18,-0.8596143126487732,0.10714609175920486,9.8100004196167,0.008668352849781513,0.010091090574860573,-0.4964134097099304
0,19,-0.9115147590637207,0.1417570263147354,9.8100004196167,0.002295256359502673,0.01603328064084053,-0.48878341913223267
0,20,-0.9597448706626892,0.1740870326757431,9.8100004196167,-0.004878647159785032,0.0039129359647631645,-0.4791852533817291
0,21,-1.0041104555130005,0.20361590385437012,9.8100004196167,0.018112121149897575,0.010845966637134552,-0.46765759587287903
0,22,-1.0444327592849731,0.22986853122711182,9.8100004196167,-0.018903151154518127,0.01215165201574564,-0.45424684882164
0,23,-1.0805495977401733,0.2524224817752838,9.8100004196167,-0.041983507573604584,-0.026857666671276093,-0.4390069842338562
0,24,-1.11231529712677,0.27091485261917114,9.8100004196167,0.019154144451022148,-0.004699427634477615,-0.42199942469596863
0,25,-1.1396021842956543,0.28504812717437744,9.8100004196167,0.016968367621302605,0.005067744757980108,-0.40329259634017944
0,26,-1.1623003482818604,0.2945948541164398,9.8100004196167,-0.0030296510085463524,0.0039037088863551617,-0.38296186923980713
0,27,-1.1803183555603027,0.2994014322757721,9.8100004196167,-0.0069575235247612,-0.026264727115631104,-0.3610890805721283
0,28,-1.1935834884643555,0.2993905544281006,9.8100004196167,0.008298918604850769,-0.032918673008680344,-0.33776232600212097
0,29,-1.202042579650879,0.29456233978271484,9.8100004196167,-0.002390924608334899,-0.01632838323712349,-0.3130755126476288
0,30,-1.205661416053772,0.284994512796402,9.8100004196167,0.008241445757448673,-0.026022592559456825,-0.2871280610561371
0,31,-1.204425573348999,0.2708410322666168,9.8100004196167,-0.01963469572365284,0.03201400488615036,-0.26002442836761475
0,32,-1.1983399391174316,0.25232961773872375,9.8100004196167,0.015287077985703945,0.008568290621042252,-0.2318737953901291
0,33,-1.1874289512634277,0.2297581136226654,9.8100004196167,-0.0011959761613979936,-0.009865675121545792,-0.20278947055339813
0,34,-1.1717365980148315,0.20348972082138062,9.8100004196167,0.005059806164354086,0.0024259183555841446,-0.1728885918855667
0,35,-1.151326060295105,0.17394711077213287,9.8100004196167,0.01807940937578678,0.02250780165195465,-0.14229154586791992
0,36,-1.126279592514038,0.14160561561584473,9.8100004196167,-0.01596829481422901,-0.0004021431668661535,-0.11112154275178909
0,37,-1.0966979265213013,0.10698563605546951,9.8100004196167,-0.019730621948838234,-0.010410704649984837,-0.07950409501791
0,38,-1.0627002716064453,0.07064421474933624,9.8100004196167,-0.013210108503699303,-0.009877682663500309,-0.04756651073694229
0,39,-1.0244234800338745,0.033166103065013885,9.8100004196167,-0.011739329434931278,0.014265721663832664,-0.015437394380569458
0,40,-0.9820217490196228,-0.004845662973821163,9.8100004196167,0.01462935283780098,0.01494776364415884,0.01675388403236866
0,41,-0.9356657862663269,-0.04277946054935455,9.8100004196167,0.02187107503414154,0.004408109933137894,0.04887770116329193
0,42,-0.8855421543121338,-0.08002492040395737,9.8100004196167,0.004523953422904015,0.003614687593653798,0.08080470561981201
0,43,-0.8318527936935425,-0.11598274856805801,9.8100004196167,-0.011788327246904373,0.004121064208447933,0.11240633577108383
0,44,-0.7748138308525085,-0.15007437765598297,9.8100004196167,0.00024346432473976165,0.0013086118269711733,0.14355534315109253
0,45,-0.7146549820899963,-0.18175123631954193,9.8100004196167,-0.009303084574639797,-0.007344203535467386,0.17412631213665009
0,46,-0.651618480682373,-0.21050366759300232,9.8100004196167,-0.02135584130883217,0.0116835106164217,0.20399612188339233
0,47,-0.5859581232070923,-0.23586900532245636,9.8100004196167,0.012080438435077667,-0.0311307143419981,0.23304452002048492
0,48,-0.5179383754730225,-0.25743913650512695,9.8100004196167,-0.00017587609181646258,-0.006382175721228123,0.26115453243255615
0,49,-0.44783300161361694,-0.2748669683933258,9.8100004196167,-0.014482066035270691,0.002846356248483062,0.28821298480033875
0,50,-0.37592437863349915,-0.2878720760345459,9.8100004196167,0.0034161098301410675,-0.01167508214712143,0.3141108751296997
0,51,-0.3025020658969879,-0.2962452173233032,9.8100004196167,-0.027990221977233887,-0.03642192482948303,0.3387439548969269
0,52,-0.2278616577386856,-0.2998516857624054,9.8100004196167,-0.003891285974532366,0.009934943169355392,0.362013041973114
0,53,-0.15230374038219452,-0.2986333966255188,9.8100004196167,0.032757293432950974,-0.008103196509182453,0.3838244378566742
0,54,-0.07613255083560944,-0.2926099896430969,9.8100004196167,0.016858693212270737,-0.03195330128073692,0.4040902853012085
0,55,0.00034520128974691033,-0.28187841176986694,9.8100004196167,-0.005435503087937832,-0.019411403685808182,0.4227290153503418
0,56,0.07682155817747116,-0.2666112780570984,9.8100004196167,-0.010757132433354855,-0.021586941555142403,0.4396655857563019
0,57,0.15298858284950256,-0.24705426394939423,9.8100004196167,-0.022602643817663193,-0.00857661571353674,0.4548317492008209
0,58,0.2285395860671997,-0.22352206707000732,9.8100004196167,0.0028332152869552374,-0.006612532772123814,0.4681664705276489
0,59,0.3031703233718872,-0.19639331102371216,9.8100004196167,0.009830794297158718,-0.001180183026008308,0.47961604595184326
0,60,0.3765803277492523,-0.1661045104265213,9.8100004196167,0.032240062952041626,0.01092809159308672,0.48913440108299255
0,61,0.4484739601612091,-0.13314302265644073,9.8100004196167,-0.0017762604402378201,-0.0005848275031894445,0.49668318033218384
0,62,0.5185617208480835,-0.09803922474384308,9.8100004196167,0.015893084928393364,-0.004119434393942356,0.5022319555282593
0,63,0.5865614414215088,-0.06135793402791023,9.8100004196167,-0.020320950075984,-0.02191154658794403,0.5057584643363953
0,64,0.6521993279457092,-0.023689372465014458,9.8100004196167,-0.0016145945992320776,-0.009206710383296013,0.5072484612464905
0,65,0.7152109742164612,0.014360361732542515,9.8100004196167,-0.03176474571228027,-0.013594849035143852,0.5066959261894226
0,66,0.7753427624702454,0.05217903107404709,9.8100004196167,-0.019973065704107285,0.021512137725949287,0.5041030645370483
0,67,0.8323524594306946,0.08915811777114868,9.8100004196167,0.011173744685947895,-0.010610545985400677,0.4994804263114929
0,68,0.8860105872154236,0.12470262497663498,9.8100004196167,0.00034056598087772727,-0.01635693944990635,0.4928465485572815
0,69,0.9361010789871216,0.15824061632156372,9.8100004196167,-0.006268281023949385,0.010325750336050987,0.48422813415527344
0,70,0.9824222326278687,0.1892324537038803,9.8100004196167,0.008718776516616344,-0.025416698306798935,0.4736599028110504
0,71,1.0247875452041626,0.21717946231365204,9.8100004196167,-0.015529782511293888,-0.011194839142262936,0.46118441224098206
0,72,1.0630263090133667,0.24163198471069336,9.8100004196167,0.0236708614975214,-0.006044542416930199,0.4468518793582916
0,73,1.0969847440719604,0.2621965706348419,9.8100004196167,-0.02025100402534008,0.01787070371210575,0.4307200610637665
0,74,1.1265259981155396,0.27854228019714355,9.8100004196167,0.03386346995830536,0.018915141001343727,0.412853866815567
0,75,1.1515311002731323,0.29040616750717163,9.8100004196167,0.015017824247479439,0.018959924578666687,0.3933252692222595
0,76,1.1718993186950684,0.29759731888771057,9.8100004196167,-0.015546107664704323,-0.006030444521456957,0.37221288681030273
0,77,1.1875487565994263,0.29999998211860657,9.8100004196167,0.02528391405940056,0.006700731348246336,0.34960171580314636
0,78,1.1984163522720337,0.29757556319236755,9.8100004196167,0.008244846016168594,0.0031125922687351704,0.3255828320980072
0,79,1.204458475112915,0.29036304354667664,9.8100004196167,-0.03184971213340759,0.008575305342674255,0.3002529442310333
0,80,1.2056505680084229,0.2784784436225891,9.8100004196167,-0.01905847154557705,-0.005041451193392277,0.2737140655517578
0,81,1.201987862586975,0.2621130347251892,9.8100004196167,-0.0217118076980114,0.02415427193045616,0.24607300758361816
0,82,1.1934852600097656,0.2415301501750946,9.8100004196167,0.02700006030499935,0.020236043259501457,0.2174411118030548
0,83,1.180176854133606,0.21706093847751617,9.8100004196167,-0.02478872798383236,0.02624298259615898,0.18793365359306335
0,84,1.1621164083480835,0.18909913301467896,9.8100004196167,0.004512902349233627,0.009817337617278099,0.15766945481300354
0,85,1.1393764019012451,0.15809465944766998,9.8100004196167,0.00709697138518095,-0.013996091671288013,0.12677036225795746
0,86,1.112048625946045,0.12454637885093689,9.8100004196167,-0.002414616523310542,0.0032299060840159655,0.09536083042621613
0,87,1.0802429914474487,0.088994100689888,9.8100004196167,5.040830001235008e-05,0.018364015966653824,0.06356731057167053
0,88,1.044087529182434,0.05200987309217453,9.8100004196167,-0.012853804975748062,0.04251381382346153,0.03151782229542732
0,89,1.0037280321121216,0.014188786968588829,9.8100004196167,0.011686344631016254,0.028347833082079887,-0.0006585766677744687
0,90,0.9593267440795898,-0.023860599845647812,9.8100004196167,-0.019095364958047867,-0.010244452394545078,-0.032832320779561996
0,91,0.9110626578330994,-0.061526063829660416,9.8100004196167,-0.004416619427502155,0.04297835752367973,-0.06487386673688889
0,92,0.8591300249099731,-0.09820154309272766,9.8100004196167,-0.0002484387077856809,0.012627461925148964,-0.09665418416261673
0,93,0.803737998008728,-0.133296936750412,9.8100004196167,0.014143131673336029,0.011594273149967194,-0.12804530560970306
0,94,0.7451095581054688,-0.16624751687049866,9.8100004196167,0.036019496619701385,-0.01928034797310829,-0.15892083942890167
0,95,0.6834808588027954,-0.19652311503887177,9.8100004196167,0.02068607322871685,0.03469406068325043,-0.1891564577817917
0,96,0.619100034236908,-0.22363659739494324,9.8100004196167,0.008251289837062359,0.013263857923448086,-0.21863040328025818
0,97,0.5522262454032898,-0.2471516728401184,9.8100004196167,0.01668844372034073,2.3965751097421162e-05,-0.24722400307655334
0,98,0.4831289052963257,-0.2666899859905243,9.8100004196167,0.009109425358474255,0.0035585646983236074,-0.2748221158981323
0,99,0.41208615899086,-0.2819371521472931,9.8100004196167,-0.014431235380470753,-0.001814176794141531,-0.3013136088848114
1,0,-0.8393096327781677,0.2104705423116684,9.8100004196167,1.2785566241291235e-06,-0.043249521404504776,-2.2403995990753174
1,1,-0.7852117419242859,0.23584027588367462,9.8100004196167,-0.03556766360998154,-0.01622738130390644,-2.293583631515503
1,2,-0.7279520630836487,0.2574152648448944,9.8100004196167,0.010565199889242649,0.004569404758512974,-2.3375320434570312
1,3,-0.6677612066268921,0.2748483419418335,9.8100004196167,0.009293869137763977,0.017591379582881927,-2.372068166732788
1,4,-0.6048815250396729,0.2878589928150177,9.8100004196167,-0.029170513153076172,0.002288254676386714,-2.397052764892578
1,5,-0.539566159248352,0.29623788595199585,9.8100004196167,-0.00011148265184601769,0.03840025141835213,-2.4123854637145996
1,6,-0.4720781743526459,0.299850195646286,9.8100004196167,-0.006916132755577564,0.002257075160741806,-2.418004035949707
1,7,-0.4026893079280853,0.29863783717155457,9.8100004196167,0.018983248621225357,-0.00862341932952404,-2.413886308670044
1,8,-0.33167892694473267,0.2926202416419983,9.8100004196167,-0.035667888820171356,0.003806724678725004,-2.4000487327575684
1,9,-0.2593330144882202,0.2818942964076996,9.8100004196167,-0.004876904189586639,-0.037762291729450226,-2.37654709815979
1,10,-0.1859428584575653,0.2666325867176056,9.8100004196167,-0.0008218734292313457,0.01918146014213562,-2.343475818634033
1,11,-0.11180397123098373,0.24708063900470734,9.8100004196167,-0.024286726489663124,-0.01785368099808693,-2.3009681701660156
1,12,-0.03721488639712334,0.22355306148529053,9.8100004196167,-0.017592087388038635,-0.016633618623018265,-2.2491953372955322
1,13,0.03752404823899269,0.19642844796180725,9.8100004196167,-0.030150068923830986,0.005766260903328657,-2.1883656978607178
1,14,0.1121118888258934,0.16614322364330292,9.8100004196167,-0.007778720464557409,0.005555705167353153,-2.1187245845794678
1,15,0.1862482875585556,0.13318468630313873,9.8100004196167,0.004472170490771532,0.006533975712954998,-2.0405519008636475
1,16,0.25963473320007324,0.09808316081762314,9.8100004196167,-0.012799141928553581,-0.015370910055935383,-1.95416259765625
1,17,0.3319757282733917,0.06140344217419624,9.8100004196167,-0.01776876300573349,0.00937245786190033,-1.8599046468734741
1,18,0.4029799699783325,0.023735716938972473,9.8100004196167,-0.03328058496117592,-0.01901070773601532,-1.75815749168396
1,19,0.47236156463623047,-0.014313923195004463,9.8100004196167,-0.022729920223355293,-0.04170585423707962,-1.6493308544158936
1,20,0.5398411154747009,-0.05213324725627899,9.8100004196167,-0.03797638416290283,-0.004901128821074963,-1.5338629484176636
1,21,0.6051468849182129,-0.08911372721195221,9.8100004196167,0.021065831184387207,0.01795508712530136,-1.4122188091278076
1,22,0.6680160164833069,-0.12466033548116684,9.8100004196167,-0.005870788358151913,0.012447964400053024,-1.2848880290985107
1,23,0.7281951904296875,-0.15820111334323883,9.8100004196167,-0.01761641539633274,-0.0073639946058392525,-1.15238356590271
1,24,0.7854422330856323,-0.18919637799263,9.8100004196167,-0.004586459137499332,-0.03617400303483009,-1.0152387619018555
1,25,0.8395265936851501,-0.21714739501476288,9.8100004196167,0.004823803436011076,-0.0005175810074433684,-0.8740060329437256
1,26,0.8902304768562317,-0.24160443246364594,9.8100004196167,0.04309800639748573,-0.02431000955402851,-0.7292539477348328
1,27,0.9373496770858765,-0.26217395067214966,9.8100004196167,0.008163072168827057,-0.005423730704933405,-0.5815653800964355
1,28,0.9806945323944092,-0.2785250246524811,9.8100004196167,0.018986310809850693,-0.010334955528378487,-0.43153512477874756
1,29,1.0200904607772827,-0.29039451479911804,9.8100004196167,0.005514328368008137,-0.027970673516392708,-0.2797671854496002
1,30,1.055378794670105,-0.2975914180278778,9.8100004196167,-0.011693027801811695,-0.018938394263386726,-0.12687274813652039
1,31,1.086417555809021,-0.30000001192092896,9.8100004196167,0.0024220494087785482,-0.015018786303699017,0.026532571762800217
1,32,1.113081693649292,-0.2975814640522003,9.8100004196167,0.006956154480576515,-0.03591568022966385,0.17983105778694153
1,33,1.1352638006210327,-0.2903747260570526,9.8100004196167,3.516223614496994e-06,-0.02630600892007351,0.3324054181575775
1,34,1.1528747081756592,-0.278495728969574,9.8100004196167,0.0020307335071265697,0.02100202441215515,0.48364129662513733
1,35,1.1658432483673096,-0.26213565468788147,9.8100004196167,-0.0471159853041172,-0.01602703519165516,0.6329297423362732
1,36,1.1741174459457397,-0.24155771732330322,9.8100004196167,-0.0071169608272612095,-0.022680677473545074,0.7796695828437805
1,37,1.1776639223098755,-0.21709302067756653,9.8100004196167,-0.03592640534043312,0.0038226551841944456,0.9232699871063232
1,38,1.1764682531356812,-0.18913522362709045,9.8100004196167,-0.004091107752174139,-0.013652781024575233,1.0631526708602905
1,39,1.1705354452133179,-0.15813416242599487,9.8100004196167,-0.0012064388720318675,-0.027015527710318565,1.1987544298171997
1,40,1.1598892211914062,-0.12458866834640503,9.8100004196167,0.03324620798230171,0.025395747274160385,1.3295292854309082
1,41,1.1445726156234741,-0.08903849869966507,9.8100004196167,0.003271237714216113,-0.028437457978725433,1.4549505710601807
1,42,1.1246471405029297,-0.05205565690994263,9.8100004196167,-0.023264210671186447,0.01700550504028797,1.5745131969451904
1,43,1.1001932621002197,-0.014235226437449455,9.8100004196167,-0.031852252781391144,-0.01549382135272026,1.687735915184021
1,44,1.0713090896606445,0.023814255371689796,9.8100004196167,-0.010392533615231514,0.018393289297819138,1.794162631034851
1,45,1.0381112098693848,0.0614805594086647,9.8100004196167,-0.02643870748579502,0.01736298017203808,1.8933650255203247
1,46,1.0007332563400269,0.0981576144695282,9.8100004196167,0.004338341299444437,0.012527021579444408,1.9849433898925781
1,47,0.9593257308006287,0.133255273103714,9.8100004196167,-0.02029404416680336,0.033143412321805954,2.0685291290283203
1,48,0.9140552878379822,0.16620881855487823,9.8100004196167,0.01389540359377861,-0.0356811098754406,2.1437857151031494
1,49,0.8651043176651001,0.19648799300193787,9.8100004196167,-0.012246704660356045,-0.0006841404247097671,2.2104098796844482
1,50,0.8126698136329651,0.22360560297966003,9.8100004196167,0.015407027676701546,0.009779783897101879,2.2681334018707275
1,51,0.7569630146026611,0.2471253126859665,9.8100004196167,-0.0033323438838124275,-0.03185161203145981,2.3167243003845215
1,52,0.6982081532478333,0.2666686773300171,9.8100004196167,-0.03983945772051811,0.018526051193475723,2.3559863567352295
1,53,0.6366418600082397,0.28192126750946045,9.8100004196167,-0.0068972851149737835,0.018043164163827896,2.3857617378234863
1,54,0.5725120902061462,0.2926376163959503,9.8100004196167,0.012075706385076046,0.010755456052720547,2.405930280685425
1,55,0.506076991558075,0.2986453175544739,9.8100004196167,-0.011858968064188957,-0.022655244916677475,2.4164113998413086
1,56,0.43760406970977783,0.29984772205352783,9.8100004196167,-0.019193008542060852,-0.007339794654399157,2.4171621799468994
1,57,0.3673690855503082,0.2962254285812378,9.8100004196167,-0.012414219789206982,-0.006834299303591251,2.408179998397827
1,58,0.295654833316803,0.28783679008483887,9.8100004196167,0.04670799523591995,0.0025879002641886473,2.389500856399536
1,59,0.22275008261203766,0.27481675148010254,9.8100004196167,-0.007940764538943768,0.0020733699202537537,2.3612000942230225
1,60,0.14894840121269226,0.2573747932910919,9.8100004196167,-0.0006426710169762373,0.056921374052762985,2.3233916759490967
1,61,0.07454696297645569,0.23579157888889313,9.8100004196167,-0.009969372302293777,0.010120074264705181,2.2762277126312256
1,62,-0.00015465871547348797,0.21041439473628998,9.8100004196167,-0.011030578054487705,0.00011727627133950591,2.219898223876953
1,63,-0.07485565543174744,0.18165156245231628,9.8100004196167,0.015354404225945473,-0.0005431369063444436,2.154629945755005
1,64,-0.14925523102283478,0.14996588230133057,9.8100004196167,-0.017990585416555405,0.0658913254737854,2.080685615539551
1,65,-0.22305381298065186,0.11586720496416092,9.8100004196167,0.013263389468193054,0.01767146959900856,1.9983632564544678
1,66,-0.29595422744750977,0.07990417629480362,9.8100004196167,-0.01622908003628254,-0.014217586256563663,1.9079941511154175
1,67,-0.3676629662513733,0.04265546053647995,9.8100004196167,-0.005825880449265242,-0.010116850957274437,1.8099422454833984
1,68,-0.4378912150859833,0.004720401018857956,9.8100004196167,0.007226170506328344,-0.0013730272185057402,1.7046023607254028
1,69,-0.5063562393188477,-0.03329060971736908,9.8100004196167,0.020707374438643456,0.0194515623152256,1.5923986434936523
1,70,-0.5727823972702026,-0.07076596468687057,9.8100004196167,-0.02662087231874466,-0.009962309151887894,1.4737828969955444
1,71,-0.6369020938873291,-0.1071026623249054,9.8100004196167,0.005450791213661432,0.0229985062032938,1.3492326736450195
1,72,-0.6984572410583496,-0.14171604812145233,9.8100004196167,0.014054354280233383,0.0161884818226099,1.2192496061325073
1,73,-0.7571999430656433,-0.17404915392398834,9.8100004196167,-0.021499894559383392,-0.017469871789216995,1.0843570232391357
1,74,-0.8128936886787415,-0.203581765294075,9.8100004196167,-0.0323575921356678,0.026929937303066254,0.9450982213020325
1,75,-0.8653141856193542,-0.22983865439891815,9.8100004196167,-0.02299383655190468,-0.0017589689232409,0.8020337820053101
1,76,-0.914250373840332,-0.252397358417511,9.8100004196167,-0.015392033383250237,-0.012974117882549763,0.6557397842407227
1,77,-0.9595051407814026,-0.2708948850631714,9.8100004196167,-0.011060921475291252,0.008860444650053978,0.506805419921875
1,78,-1.0008963346481323,-0.28503361344337463,9.8100004196167,0.04792401194572449,-0.030064236372709274,0.3558303117752075
1,79,-1.038257360458374,-0.29458606243133545,9.8100004196167,-0.02454792894423008,-0.0016292432555928826,0.20342238247394562
1,80,-1.0714375972747803,-0.2993985116481781,9.8100004196167,-0.020886940881609917,-0.035601962357759476,0.0501953586935997
1,81,-1.1003036499023438,-0.29939350485801697,9.8100004196167,-0.043205976486206055,0.017832495272159576,-0.10323378443717957
1,82,-1.1247390508651733,-0.2945711612701416,9.8100004196167,-0.010682480409741402,0.0036940560676157475,-0.25624725222587585
1,83,-1.1446455717086792,-0.2850090265274048,9.8100004196167,-0.013578635640442371,-0.02199104242026806,-0.40822887420654297
1,84,-1.1599429845809937,-0.27086102962493896,9.8100004196167,-0.0237292367964983,-0.012364462949335575,-0.5585667490959167
1,85,-1.170569658279419,-0.25235477089881897,9.8100004196167,0.02014610357582569,0.004521655384451151,-0.7066554427146912
1,86,-1.1764830350875854,-0.22978800535202026,9.8100004196167,-0.011784101836383343,0.01327328011393547,-0.8518986701965332
1,87,-1.177659034729004,-0.2035238891839981,9.8100004196167,0.005589046515524387,-0.021617146208882332,-0.9937116503715515
1,88,-1.1740930080413818,-0.17398498952388763,9.8100004196167,-0.020650047808885574,0.013008915819227695,-1.1315232515335083
1,89,-1.1657992601394653,-0.1416465938091278,9.8100004196167,0.0313127264380455,0.01090295147150755,-1.2647786140441895
1,90,-1.1528112888336182,-0.10702906548976898,9.8100004196167,0.03891535475850105,0.005946317221969366,-1.3929412364959717
1,91,-1.1351814270019531,-0.07068939507007599,9.8100004196167,0.028330331668257713,-0.005558280274271965,-1.5154948234558105
1,92,-1.1129804849624634,-0.03321230784058571,9.8100004196167,0.0224690530449152,-0.007088866084814072,-1.6319462060928345
1,93,-1.0862981081008911,0.0047991774044930935,9.8100004196167,-0.010800004936754704,0.01130740437656641,-1.7418262958526611
1,94,-1.0552414655685425,0.04273344203829765,9.8100004196167,-0.006897346116602421,-0.03845522180199623,-1.844692587852478
1,95,-1.0199357271194458,0.07998011261224747,9.8100004196167,0.018686939030885696,0.015162712894380093,-1.9401309490203857
1,96,-0.9805231690406799,0.11593987047672272,9.8100004196167,-0.022692179307341576,0.001026835641823709,-2.027757167816162
1,97,-0.9371623396873474,0.1500341147184372,9.8100004196167,-0.015505504794418812,0.03245719522237778,-2.1072182655334473
1,98,-0.8900278806686401,0.1817142516374588,9.8100004196167,0.024672219529747963,0.011299895122647285,-2.178194284439087
1,99,-0.8393096327781677,0.2104705423116684,9.8100004196167,-0.012095754966139793,0.019528647884726524,-2.2403995990753174
2,0,0.7284078598022461,-0.14276546239852905,9.8100004196167,-0.01866363175213337,0.004492962267249823,-0.8034913539886475
2,1,0.7019441723823547,-0.17501859366893768,9.8100004196167,0.01249721273779869,0.0036911696661263704,-0.7879971861839294
2,2,0.6726540923118591,-0.20445561408996582,9.8100004196167,0.01573057472705841,0.002195491688326001,-0.7693300843238831
2,3,0.6406553983688354,-0.23060286045074463,9.8100004196167,-0.03688950464129448,0.025670930743217468,-0.7475652098655701
2,4,0.6060770750045776,-0.2530396282672882,9.8100004196167,-0.0032068071886897087,-0.021731799468398094,-0.7227900624275208
2,5,0.5690582394599915,-0.271404892206192,9.8100004196167,0.006811139639467001,0.0011934349313378334,-0.6951045393943787
2,6,0.5297480225563049,-0.28540313243865967,9.8100004196167,-0.03679726645350456,0.019160045310854912,-0.6646201014518738
2,7,0.4883047044277191,-0.29480916261672974,9.8100004196167,-0.002369454363361001,-0.014471546746790409,-0.6314594149589539
2,8,0.4448951482772827,-0.29947158694267273,9.8100004196167,0.01826920546591282,0.00861295871436596,-0.5957561135292053
2,9,0.39969414472579956,-0.2993153929710388,9.8100004196167,0.003410095116123557,0.021668193861842155,-0.5576539039611816
2,10,0.3528837561607361,-0.29434311389923096,9.8100004196167,-0.04115207493305206,-0.0061775450594723225,-0.5173062086105347
2,11,0.3046523928642273,-0.2846347391605377,9.8100004196167,0.0022793388925492764,-0.008802350610494614,-0.47487547993659973
2,12,0.2551943063735962,-0.270346462726593,9.8100004196167,0.04250791296362877,-0.016195280477404594,-0.43053263425827026
2,13,0.20470865070819855,-0.2517082393169403,9.8100004196167,-0.03677796944975853,0.012975859455764294,-0.38445615768432617
2,14,0.15339870750904083,-0.2290199249982834,9.8100004196167,0.0344524011015892,0.016700029373168945,-0.33683162927627563
2,15,0.10147106647491455,-0.20264659821987152,9.8100004196167,0.02728923223912716,-0.015441990457475185,-0.2878507971763611
2,16,0.04913485050201416,-0.1730126142501831,9.8100004196167,-0.009687007404863834,0.007174378260970116,-0.2377108782529831
2,17,-0.0033992172684520483,-0.14059479534626007,9.8100004196167,0.018494287505745888,0.0006141080521047115,-0.1866137981414795
2,18,-0.055919598788022995,-0.10591474175453186,9.8100004196167,-0.003583368146792054,0.012542360462248325,-0.13476528227329254
2,19,-0.10821481049060822,-0.06953048706054688,9.8100004196167,-0.023712871596217155,-0.01610676757991314,-0.08237411826848984
2,20,-0.16007427871227264,-0.0320274643599987,9.8100004196167,0.02246423251926899,-0.004111096728593111,-0.029651256278157234
2,21,-0.211289182305336,0.00599089777097106,9.8100004196167,0.029339462518692017,-0.02409932389855385,0.023190997540950775
2,22,-0.2616533041000366,0.0439128614962101,9.8100004196167,0.04615038260817528,0.0006214621243998408,0.07593987137079239
2,23,-0.31096383929252625,0.08112825453281403,9.8100004196167,0.03690944239497185,0.015075309202075005,0.12838296592235565
2,24,-0.35902222990989685,0.11703825742006302,9.8100004196167,0.01949426904320717,0.0005730793345719576,0.18030910193920135
2,25,-0.40563496947288513,0.15106508135795593,9.8100004196167,-0.013031478971242905,0.03601893037557602,0.23150919377803802
2,26,-0.4506143629550934,0.18266120553016663,9.8100004196167,-0.008335490711033344,0.0024646390229463577,0.2817770838737488
2,27,-0.4937792718410492,0.211318239569664,9.8100004196167,-0.026341799646615982,0.025798611342906952,0.3309103548526764
2,28,-0.5349559187889099,0.23657508194446564,9.8100004196167,-0.0274262223392725,-0.0012383442372083664,0.37871116399765015
2,29,-0.5739784836769104,0.2580253481864929,9.8100004196167,0.00836652610450983,0.011583388783037663,0.4249870479106903
2,30,-0.6106898784637451,0.27532389760017395,9.8100004196167,-0.00038996594958007336,0.02867334708571434,0.4695516526699066
2,31,-0.6449421644210815,0.28819236159324646,9.8100004196167,-0.03673017397522926,-0.017338281497359276,0.5122255086898804
2,32,-0.676597535610199,0.2964237332344055,9.8100004196167,-0.008103761821985245,-0.006660240236669779,0.5528368949890137
2,33,-0.7055284976959229,0.29988551139831543,9.8100004196167,0.019958114251494408,0.014896593056619167,0.5912221074104309
2,34,-0.7316185235977173,0.298522025346756,9.8100004196167,0.02725471556186676,0.030024487525224686,0.627226710319519
2,35,-0.754762589931488,0.2923552095890045,9.8100004196167,0.04329988732933998,0.009235017001628876,0.6607057452201843
2,36,-0.7748675346374512,0.2814842760562897,9.8100004196167,0.00862284004688263,0.007426932454109192,0.6915242671966553
2,37,-0.7918522953987122,0.2660841643810272,9.8100004196167,0.0159617830067873,0.018492471426725388,0.7195582985877991
2,38,-0.8056485652923584,0.24640266597270966,9.8100004196167,0.02379249595105648,0.010908643715083599,0.7446949481964111
2,39,-0.8162007927894592,0.22275646030902863,9.8100004196167,-0.0019675183575600386,0.005467783659696579,0.7668329477310181
2,40,-0.8234664797782898,0.19552600383758545,9.8100004196167,-0.0070650894194841385,-0.021751342341303825,0.7858831882476807
2,41,-0.8274163007736206,0.1651494801044464,9.8100004196167,0.012547526508569717,0.05646048113703728,0.801768958568573
2,42,-0.8280344605445862,0.13211561739444733,9.8100004196167,0.008114990778267384,0.008113838732242584,0.8144263029098511
2,43,-0.8253183960914612,0.09695597738027573,9.8100004196167,0.01908593252301216,0.003703869180753827,0.8238041996955872
2,44,-0.8192790746688843,0.06023627892136574,9.8100004196167,0.015245801769196987,-0.016733385622501373,0.8298649787902832
2,45,-0.8099408149719238,0.02254735678434372,9.8100004196167,0.030318275094032288,-0.010066680610179901,0.8325841426849365
2,46,-0.7973411679267883,-0.015504362992942333,9.8100004196167,-0.020437708124518394,0.021376432850956917,0.8319507837295532
2,47,-0.7815309762954712,-0.053306613117456436,9.8100004196167,0.013380805030465126,-0.019468337297439575,0.8279674649238586
2,48,-0.762573778629303,-0.0902511402964592,9.8100004196167,0.0326884500682354,0.009808475151658058,0.8206502199172974
2,49,-0.7405459880828857,-0.12574349343776703,9.8100004196167,-0.027207117527723312,0.0242521520704031,0.8100284934043884
2,50,-0.7155362367630005,-0.15921257436275482,9.8100004196167,-0.0418158695101738,-0.0009582840139046311,0.7961450815200806
2,51,-0.6876453161239624,-0.1901198774576187,9.8100004196167,-0.003315672976896167,-0.03609089180827141,0.7790558934211731
2,52,-0.6569855213165283,-0.21796807646751404,9.8100004196167,-0.015364023856818676,-0.023552458733320236,0.7588297128677368
2,53,-0.6236802339553833,-0.2423090934753418,9.8100004196167,0.005436078645288944,-0.0014023076510056853,0.7355479598045349
2,54,-0.5878636240959167,-0.2627512514591217,9.8100004196167,0.006148087326437235,-0.002877337858080864,0.7093044519424438
2,55,-0.5496798753738403,-0.27896565198898315,9.8100004196167,0.01634257659316063,0.016511354595422745,0.6802047491073608
2,56,-0.5092827677726746,-0.29069140553474426,9.8100004196167,-0.017214765772223473,-0.014613986946642399,0.6483662128448486
2,57,-0.4668349623680115,-0.29773980379104614,9.8100004196167,0.0036780424416065216,-0.014867108315229416,0.6139168739318848
2,58,-0.4225073754787445,-0.299997478723526,9.8100004196167,-0.01700698584318161,-0.005882109981030226,0.5769954919815063
2,59,-0.37647849321365356,-0.29742807149887085,9.8100004196167,0.012033914215862751,-0.0020590191707015038,0.537750780582428
2,60,-0.3289336562156677,-0.2900729179382324,9.8100004196167,0.004384103696793318,-0.0012465229956433177,0.49634072184562683
2,61,-0.28006434440612793,-0.27805039286613464,9.8100004196167,0.004000939428806305,0.01628737710416317,0.45293208956718445
2,62,-0.23006731271743774,-0.26155394315719604,9.8100004196167,-0.018121395260095596,0.0005051552434451878,0.4076996445655823
2,63,-0.17914386093616486,-0.24084898829460144,9.8100004196167,0.012398197315633297,-0.024845566600561142,0.3608255684375763
2,64,-0.1274990737438202,-0.21626868844032288,9.8100004196167,-0.014688719995319843,0.0008450164459645748,0.312498539686203
2,65,-0.0753408893942833,-0.18820853531360626,9.8100004196167,-0.009095275774598122,0.004668074194341898,0.26291319727897644
2,66,-0.022879336029291153,-0.15712003409862518,9.8100004196167,0.019312379881739616,0.0017409365391358733,0.21226921677589417
2,67,0.02967434749007225,-0.1235034242272377,9.8100004196167,0.018383650109171867,-0.02754334546625614,0.1607704758644104
2,68,0.08210854232311249,-0.0878995880484581,9.8100004196167,0.018444662913680077,0.0019538328051567078,0.10862438380718231
2,69,0.13421212136745453,-0.050881415605545044,9.8100004196167,0.04572384059429169,-0.0066079031676054,0.05604089796543121
2,70,0.1857752650976181,-0.01304454542696476,9.8100004196167,0.044488269835710526,-0.0020792880095541477,0.0032317559234797955
2,71,0.23659035563468933,0.025002216920256615,9.8100004196167,0.010752585716545582,0.01928175985813141,-0.049590401351451874
2,72,0.2864528000354767,0.06264668703079224,9.8100004196167,0.00913738552480936,0.014327490702271461,-0.10221287608146667
2,73,0.3351617753505707,0.0992831438779831,9.8100004196167,0.035722047090530396,-0.0007557513890787959,-0.1544237732887268
2,74,0.3825211822986603,0.13432210683822632,9.8100004196167,-0.006253417115658522,-0.0006849408964626491,-0.20601285994052887
2,75,0.4283403158187866,0.1671997606754303,9.8100004196167,0.04570068046450615,0.017758412286639214,-0.25677239894866943
2,76,0.4724346697330475,0.19738712906837463,9.8100004196167,0.004075586795806885,0.027553297579288483,-0.3064980208873749
2,77,0.514626681804657,0.2243984490633011,9.8100004196167,-0.015113175846636295,0.013105646707117558,-0.3549894690513611
2,78,0.5547465085983276,0.2477991133928299,9.8100004196167,-0.0006496125133708119,0.02785206399857998,-0.40205150842666626
2,79,0.592632532119751,0.2672125995159149,9.8100004196167,-0.013590016402304173,0.017678819596767426,-0.44749462604522705
2,80,0.6281322836875916,0.2823265492916107,9.8100004196167,0.002177578629925847,0.0014727518428117037,-0.4911358654499054
2,81,0.6611027121543884,0.2928977310657501,9.8100004196167,0.01877991296350956,-0.001323775970377028,-0.5327994227409363
2,82,0.6914111375808716,0.29875609278678894,9.8100004196167,-0.013590637594461441,-0.005374474450945854,-0.5723176598548889
2,83,0.718935489654541,0.2998073697090149,9.8100004196167,0.02110997401177883,-0.020691946148872375,-0.6095312833786011
2,84,0.7435649633407593,0.29603463411331177,9.8100004196167,0.0029246422927826643,0.0007819603197276592,-0.6442906260490417
2,85,0.7652003169059753,0.2874985635280609,9.8100004196167,0.003664868650957942,0.005189159419387579,-0.676455557346344
2,86,0.7837545275688171,0.2743365466594696,9.8100004196167,-0.0024732344318181276,0.02655448019504547,-0.7058966755867004
2,87,0.7991527915000916,0.2567603588104248,9.8100004196167,-0.0030500604771077633,-0.028665127232670784,-0.7324954271316528
2,88,0.811333179473877,0.23505279421806335,9.8100004196167,0.04705704003572464,0.0174499973654747,-0.756144642829895
2,89,0.8202465772628784,0.20956315100193024,9.8100004196167,0.020048147067427635,0.011996034532785416,-0.7767491340637207
2,90,0.8258571624755859,0.18070155382156372,9.8100004196167,0.005507946014404297,-0.005359482020139694,-0.7942259311676025
2,91,0.8281423449516296,0.14893239736557007,9.8100004196167,7.25211575627327e-05,0.01935652457177639,-0.8085047006607056
2,92,0.8270928263664246,0.11476686596870422,9.8100004196167,-0.0017820355715230107,0.019404541701078415,-0.8195278644561768
2,93,0.8227129578590393,0.07875468581914902,9.8100004196167,0.018187547102570534,-0.013162433169782162,-0.8272510766983032
2,94,0.8150202631950378,0.0414753220975399,9.8100004196167,0.006637738086283207,0.01283563394099474,-0.831643283367157
2,95,0.8040457963943481,0.0035286005586385727,9.8100004196167,2.9735907446593046e-05,-0.021360641345381737,-0.832686722278595
2,96,0.7898337244987488,-0.034474898129701614,9.8100004196167,-0.008517987094819546,0.0030394764617085457,-0.8303772211074829
2,97,0.7724412679672241,-0.07192368060350418,9.8100004196167,-0.03747478127479553,0.010332128964364529,-0.8247240781784058
2,98,0.7519384622573853,-0.10821518301963806,9.8100004196167,0.030199702829122543,0.05144961178302765,-0.8157500624656677
2,99,0.7284078598022461,-0.14276546239852905,9.8100004196167,-0.028985334560275078,-0.0005269199027679861,-0.8034913539886475
3,0,1.2782076597213745,-0.15566499531269073,9.8100004196167,-0.029096633195877075,0.034005481749773026,0.15462929010391235
3,1,1.2264260053634644,-0.18687772750854492,9.8100004196167,0.0014198520220816135,0.029292279854416847,0.22871193289756775
3,2,1.169706106185913,-0.2150835245847702,9.8100004196167,0.03292694687843323,-0.004067285917699337,0.3018736243247986
3,3,1.108276128768921,-0.23982854187488556,9.8100004196167,0.008211042732000351,0.01923464424908161,0.3738197982311249
3,4,1.0423835515975952,-0.2607146203517914,9.8100004196167,-0.028797350823879242,0.0058404444716870785,0.44426071643829346
3,5,0.9722936749458313,-0.277405709028244,9.8100004196167,0.015877295285463333,-0.022816145792603493,0.5129127502441406
3,6,0.8982886672019958,-0.28963324427604675,9.8100004196167,0.020543716847896576,-0.020003357902169228,0.5794994831085205
3,7,0.8206666111946106,-0.297200471162796,9.8100004196167,0.015461437404155731,0.040803756564855576,0.6437527537345886
3,8,0.7397400140762329,-0.2999856173992157,9.8100004196167,0.030747193843126297,0.04162108525633812,0.7054138779640198
3,9,0.6558347344398499,-0.29794391989707947,9.8100004196167,-0.038663048297166824,-0.006202331744134426,0.7642345428466797
3,10,0.5692886710166931,-0.2911081612110138,9.8100004196167,0.031996943056583405,0.01726522296667099,0.819977879524231
3,11,0.48045024275779724,-0.27958837151527405,9.8100004196167,-0.006785187870264053,0.004398101009428501,0.8724194765090942
3,12,0.3896772265434265,-0.2635698914527893,9.8100004196167,0.004749738611280918,0.0194490198045969,0.9213481545448303
3,13,0.29733511805534363,-0.24331046640872955,9.8100004196167,0.011352934874594212,0.02149290218949318,0.9665669202804565
3,14,0.20379574596881866,-0.2191361039876938,9.8100004196167,-0.026779456064105034,-0.009689876809716225,1.0078935623168945
3,15,0.10943575948476791,-0.19143575429916382,9.8100004196167,0.00955987349152565,-0.01187209039926529,1.0451618432998657
3,16,0.014635110273957253,-0.16065512597560883,9.8100004196167,0.007806145586073399,0.042563702911138535,1.0782216787338257
3,17,-0.08022446930408478,-0.12728950381278992,9.8100004196167,-0.00562550313770771,0.018755117431282997,1.1069397926330566
3,18,-0.17476101219654083,-0.09187574684619904,9.8100004196167,-0.005698402412235737,0.029814977198839188,1.1312006711959839
3,19,-0.26859384775161743,-0.05498366802930832,9.8100004196167,-0.023349009454250336,0.004389821086078882,1.1509066820144653
3,20,-0.3613451421260834,-0.017206884920597076,9.8100004196167,0.011394060216844082,0.0029702121391892433,1.1659783124923706
3,21,-0.45264145731925964,0.020846763625741005,9.8100004196167,0.007133923005312681,0.03211452439427376,1.176355004310608
3,22,-0.5421151518821716,0.05856497958302498,9.8100004196167,-0.03780040144920349,-0.007060409057885408,1.181994915008545
3,23,-0.6294059157371521,0.09534086287021637,9.8100004196167,0.028490016236901283,0.010398348793387413,1.182875394821167
3,24,-0.7141622304916382,0.13058267533779144,9.8100004196167,0.03014460951089859,-0.010645155794918537,1.178992748260498
3,25,-0.7960429191589355,0.16372336447238922,9.8100004196167,-0.030580084770917892,-0.005985911935567856,1.1703628301620483
3,26,-0.8747182488441467,0.19422969222068787,9.8100004196167,-0.033884670585393906,0.012407144531607628,1.1570202112197876
3,27,-0.9498713612556458,0.22161078453063965,9.8100004196167,-0.024888403713703156,0.017802445217967033,1.1390186548233032
3,28,-1.0211997032165527,0.24542607367038727,9.8100004196167,-0.01664738543331623,-0.004158071242272854,1.1164307594299316
3,29,-1.0884159803390503,0.26529237627983093,9.8100004196167,0.015975696966052055,0.03160471096634865,1.089347243309021
3,30,-1.151249647140503,0.28088998794555664,9.8100004196167,-0.0011839641956612468,-0.003927354235202074,1.0578774213790894
3,31,-1.2094476222991943,0.2919680178165436,9.8100004196167,0.052758123725652695,-0.02194906212389469,1.0221478939056396
3,32,-1.2627756595611572,0.29834815859794617,9.8100004196167,-0.026287885382771492,0.020396364852786064,0.9823025465011597
3,33,-1.3110188245773315,0.2999277710914612,9.8100004196167,0.010166415944695473,0.002980284858494997,0.93850177526474
3,34,-1.3539830446243286,0.2966814339160919,9.8100004196167,0.021987976506352425,-0.0017513203201815486,0.8909220099449158
3,35,-1.3914952278137207,0.2886613607406616,9.8100004196167,0.00047824427019804716,-0.003311942331492901,0.8397548198699951
3,36,-1.423404335975647,0.2759966254234314,9.8100004196167,0.008931325748562813,-0.0234664436429739,0.7852061986923218
3,37,-1.4495818614959717,0.2588910162448883,9.8100004196167,0.004431360401213169,-0.0059331925585865974,0.7274959087371826
3,38,-1.4699225425720215,0.23761974275112152,9.8100004196167,-0.03736388683319092,-0.000580991618335247,0.6668561697006226
3,39,-1.484344244003296,0.21252508461475372,9.8100004196167,0.007997093722224236,0.031478919088840485,0.6035312414169312
3,40,-1.4927890300750732,0.1840108186006546,9.8100004196167,0.029395151883363724,0.04831754043698311,0.5377761721611023
3,41,-1.4952229261398315,0.15253573656082153,9.8100004196167,-0.0035707508213818073,-0.012366017326712608,0.4698556065559387
3,42,-1.4916361570358276,0.1186063140630722,9.8100004196167,0.02536388859152794,-0.01046851184219122,0.4000431299209595
3,43,-1.4820430278778076,0.08276846259832382,9.8100004196167,0.016746196895837784,0.015410625375807285,0.3286198079586029
3,44,-1.466482162475586,0.0455988384783268,9.8100004196167,0.00045486612361855805,-0.010474811308085918,0.2558732330799103
3,45,-1.4450163841247559,0.007695510517805815,9.8100004196167,-0.013833102770149708,-0.02294563688337803,0.18209636211395264
3,46,-1.4177320003509521,-0.03033163957297802,9.8100004196167,-6.700141238979995e-05,-0.003892334410920739,0.10758625715970993
3,47,-1.3847389221191406,-0.06787074357271194,9.8100004196167,0.004214117769151926,-0.030352793633937836,0.03264294192194939
3,48,-1.3461700677871704,-0.10431778430938721,9.8100004196167,0.0012898944551125169,0.013702962547540665,-0.042431820183992386
3,49,-1.302180528640747,-0.1390863060951233,9.8100004196167,-0.01159198209643364,-0.02278120443224907,-0.1173357218503952
3,50,-1.2529475688934326,-0.17161688208580017,9.8100004196167,0.009347248822450638,0.028121165931224823,-0.191767156124115
3,51,-1.1986695528030396,-0.20138607919216156,9.8100004196167,0.028113706037402153,0.012600608170032501,-0.2654263973236084
3,52,-1.139564871788025,-0.22791489958763123,9.8100004196167,0.07649112492799759,-0.026323402300477028,-0.33801689743995667
3,53,-1.075871467590332,-0.250776469707489,9.8100004196167,-0.02539082057774067,0.04227755591273308,-0.4092462956905365
3,54,-1.0078459978103638,-0.2696029841899872,9.8100004196167,0.026247847825288773,0.02034260705113411,-0.4788278043270111
3,55,-0.9357622861862183,-0.28409144282341003,9.8100004196167,-0.01338151190429926,0.00260201096534729,-0.5464812517166138
3,56,-0.8599106073379517,-0.2940087914466858,9.8100004196167,0.012707086279988289,0.006152836140245199,-0.6119341850280762
3,57,-0.7805963158607483,-0.29919543862342834,9.8100004196167,-0.04189881309866905,0.0039517441764473915,-0.6749231219291687
3,58,-0.6981388926506042,-0.29956790804862976,9.8100004196167,0.02133781462907791,0.007177841849625111,-0.7351943254470825
3,59,-0.6128702759742737,-0.2951202094554901,9.8100004196167,-0.014236592687666416,-0.004900996573269367,-0.7925052046775818
3,60,-0.5251338481903076,-0.28592389822006226,9.8100004196167,-0.008583806455135345,-0.026925547048449516,-0.8466249108314514
3,61,-0.4352828860282898,-0.2721270024776459,9.8100004196167,-0.006788185797631741,-0.006972172763198614,-0.8973355889320374
3,62,-0.34367918968200684,-0.25395146012306213,9.8100004196167,0.013558553531765938,-0.0003601462231017649,-0.9444330334663391
3,63,-0.25069165229797363,-0.23168975114822388,9.8100004196167,-0.017876315861940384,-0.015207075513899326,-0.9877275228500366
3,64,-0.15669463574886322,-0.2057000696659088,9.8100004196167,0.01828855276107788,0.005987897515296936,-1.0270447731018066
3,65,-0.06206668168306351,-0.1764005869626999,9.8100004196167,0.014344890601933002,-0.01260612066835165,-1.0622265338897705
3,66,0.03281119838356972,-0.14426276087760925,9.8100004196167,-0.01761660911142826,0.02492084912955761,-1.0931310653686523
3,67,0.1275569498538971,-0.1098036915063858,9.8100004196167,-0.008371267467737198,0.0041109900921583176,-1.1196339130401611
3,68,0.22178909182548523,-0.07357784360647202,9.8100004196167,-0.005585523322224617,0.006424713879823685,-1.1416285037994385
3,69,0.3151281476020813,-0.03616809472441673,9.8100004196167,0.028529921546578407,0.0023563632275909185,-1.159026026725769
3,70,0.40719830989837646,0.001823611673898995,9.8100004196167,-0.003911010921001434,-0.026220127940177917,-1.171756625175476
3,71,0.4976288378238678,0.039785973727703094,9.8100004196167,0.015329264104366302,0.009875958785414696,-1.1797689199447632
3,72,0.5860555768013,0.07710816711187363,9.8100004196167,0.0033650160767138004,0.0035137180238962173,-1.1830307245254517
3,73,0.6721224784851074,0.11318966001272202,9.8100004196167,0.014236295595765114,-0.015761489048600197,-1.181528925895691
3,74,0.7554829716682434,0.14744988083839417,9.8100004196167,-0.01763548143208027,0.02153344638645649,-1.1752694845199585
3,75,0.835801362991333,0.17933759093284607,9.8100004196167,0.00018804927822202444,0.020393051207065582,-1.1642776727676392
3,76,0.9127543568611145,0.20833969116210938,9.8100004196167,-0.02227383479475975,0.017589570954442024,-1.1485977172851562
3,77,0.9860319495201111,0.23398952186107635,9.8100004196167,-0.01609303243458271,0.005699153058230877,-1.1282926797866821
3,78,1.0553392171859741,0.255874365568161,9.8100004196167,-0.03632298484444618,0.026140114292502403,-1.1034445762634277
3,79,1.1203969717025757,0.2736421227455139,9.8100004196167,-0.008679715916514397,-0.02829856239259243,-1.074153184890747
3,80,1.180943250656128,0.28700685501098633,9.8100004196167,-0.025086522102355957,-0.009002013131976128,-1.0405365228652954
3,81,1.2367342710494995,0.295753538608551,9.8100004196167,-0.009804329834878445,-0.0066891564056277275,-1.0027300119400024
3,82,1.2875454425811768,0.2997414469718933,9.8100004196167,0.029943333938717842,0.01808461919426918,-0.9608859419822693
3,83,1.333172082901001,0.2989063858985901,9.8100004196167,0.0034576684702187777,0.0007533704629167914,-0.9151726365089417
3,84,1.373430609703064,0.2932618260383606,9.8100004196167,-0.003447436960414052,0.019355516880750656,-0.8657742738723755
3,85,1.4081586599349976,0.28289857506752014,9.8100004196167,-0.015316271223127842,-0.005707820877432823,-0.8128897547721863
3,86,1.4372166395187378,0.2679833471775055,9.8100004196167,-0.021313078701496124,0.022688811644911766,-0.7567320466041565
3,87,1.4604874849319458,0.24875620007514954,9.8100004196167,0.008086715824902058,0.005279171280562878,-0.6975272297859192
3,88,1.4778773784637451,0.22552646696567535,9.8100004196167,0.033485639840364456,0.024487676098942757,-0.6355136632919312
3,89,1.489316463470459,0.19866792857646942,9.8100004196167,0.01370422076433897,0.004077263176441193,-0.570941150188446
3,90,1.4947586059570312,0.1686127483844757,9.8100004196167,0.033896494656801224,-0.006444184109568596,-0.5040696859359741
3,91,1.4941818714141846,0.13584452867507935,9.8100004196167,0.002547625685110688,0.005039842799305916,-0.43516844511032104
3,92,1.4875885248184204,0.10089050978422165,9.8100004196167,0.015479746274650097,0.005051916465163231,-0.3645149767398834
3,93,1.4750052690505981,0.0643131360411644,9.8100004196167,0.0347878523170948,-0.01376531831920147,-0.2923937141895294
3,94,1.4564825296401978,0.026700932532548904,9.8100004196167,0.026852626353502274,-0.02033965475857258,-0.2190951108932495
3,95,1.4320951700210571,-0.011340897530317307,9.8100004196167,0.026300035417079926,0.01405587699264288,-0.14491426944732666
3,96,1.4019412994384766,-0.04920024797320366,9.8100004196167,0.012164939194917679,0.014857349917292595,-0.07014992088079453
3,97,1.3661422729492188,-0.08626794815063477,9.8100004196167,0.012059761211276054,-0.012575275264680386,0.004896904807537794
3,98,1.3248423337936401,-0.12194756418466568,9.8100004196167,0.006207485217601061,0.03259539231657982,0.07992400974035263
3,99,1.2782076597213745,-0.15566499531269073,9.8100004196167,0.005506941583007574,-0.002705530496314168,0.15462929010391235
4,0,-1.1860746145248413,0.2095079869031906,9.8100004196167,0.017405373975634575,0.01968725584447384,-1.9209915399551392
4,1,-1.1102885007858276,0.23500490188598633,9.8100004196167,-0.0011865264968946576,0.03165391832590103,-1.89858078956604
4,2,-1.030031681060791,0.25672048330307007,9.8100004196167,-0.025376075878739357,-0.0208484698086977,-1.8685252666473389
4,3,-0.9456272721290588,0.2743053436279297,9.8100004196167,0.027827516198158264,0.006989809684455395,-1.8309457302093506
4,4,-0.8574151992797852,0.2874765396118164,9.8100004196167,0.003198780119419098,0.0016354619292542338,-1.7859936952590942
4,5,-0.765750527381897,0.29602211713790894,9.8100004196167,0.010332923382520676,0.00421013031154871,-1.733850121498108
4,6,-0.6710025072097778,0.29980459809303284,9.8100004196167,0.022607292979955673,0.048226356506347656,-1.6747249364852905
4,7,-0.5735526084899902,0.29876309633255005,9.8100004196167,0.0035883202217519283,-0.01087230909615755,-1.608856201171875
4,8,-0.4737931787967682,0.29291439056396484,9.8100004196167,0.008379226550459862,-0.03333631902933121,-1.5365091562271118
4,9,-0.3721259832382202,0.28235259652137756,9.8100004196167,-0.009024200960993767,0.006340880412608385,-1.457975149154663
4,10,-0.2689603269100189,0.26724764704704285,9.8100004196167,0.011610477231442928,0.04511890932917595,-1.3735703229904175
4,11,-0.16471169888973236,0.24784255027770996,9.8100004196167,-0.005626502446830273,-0.02361164800822735,-1.2836346626281738
4,12,-0.05979982018470764,0.22444958984851837,9.8100004196167,0.017179980874061584,0.03815917670726776,-1.1885303258895874
4,13,0.04535285010933876,0.19744515419006348,9.8100004196167,-0.017431899905204773,-0.010492985136806965,-1.0886400938034058
4,14,0.15032289922237396,0.16726376116275787,9.8100004196167,0.0020676949061453342,0.028547154739499092,-0.9843663573265076
4,15,0.25468766689300537,0.13439102470874786,9.8100004196167,-0.0005466645234264433,-0.019387058913707733,-0.8761288523674011
4,16,0.3580268621444702,0.09935587644577026,9.8100004196167,0.020511971786618233,0.007412420120090246,-0.7643635869026184
4,17,0.4599244296550751,0.06272206455469131,9.8100004196167,0.01827683486044407,0.030699467286467552,-0.6495203971862793
4,18,0.5599700808525085,0.02507902681827545,9.8100004196167,-0.009456613101065159,-0.007043618243187666,-0.5320618748664856
4,19,0.6577608585357666,-0.012967539951205254,9.8100004196167,-0.009516684338450432,-0.014678956009447575,-0.41246095299720764
4,20,0.7529031038284302,-0.05080545321106911,9.8100004196167,-0.0003560947079677135,0.018733443692326546,-0.2911991477012634
4,21,0.8450136780738831,-0.08782588690519333,9.8100004196167,-0.008539886213839054,0.024113012477755547,-0.16876481473445892
4,22,0.933721661567688,-0.1234331727027893,9.8100004196167,-0.002623335923999548,-0.01251800637692213,-0.0456509068608284
4,23,1.018669843673706,-0.1570543646812439,9.8100004196167,-0.013932016678154469,0.0033091814257204533,0.07764681428670883
4,24,1.0995162725448608,-0.18814849853515625,9.8100004196167,-0.007061146665364504,0.025038350373506546,0.20063187181949615
4,25,1.1759353876113892,-0.21621526777744293,9.8100004196167,0.0006382101564668119,-0.058082498610019684,0.3228090703487396
4,26,1.2476192712783813,-0.24080303311347961,9.8100004196167,0.030573181807994843,0.0010030001867562532,0.44368642568588257
4,27,1.314279556274414,-0.26151618361473083,9.8100004196167,0.026987019926309586,-0.023522699251770973,0.5627772212028503
4,28,1.3756476640701294,-0.2780214548110962,9.8100004196167,-0.027910195291042328,0.009267943911254406,0.6796019077301025
4,29,1.4314764738082886,-0.29005324840545654,9.8100004196167,-0.0014324833173304796,0.0071321590803563595,0.793690025806427
4,30,1.4815412759780884,-0.2974179685115814,9.8100004196167,-0.01760651357471943,-0.014483149163424969,0.9045823216438293
4,31,1.5256404876708984,-0.29999715089797974,9.8100004196167,-0.0013325862819328904,0.029781006276607513,1.0118321180343628
4,32,1.5635963678359985,-0.29774925112724304,9.8100004196167,0.012353755533695221,-0.01316111534833908,1.1150076389312744
4,33,1.5952563285827637,-0.29071044921875,9.8100004196167,-0.016489380970597267,-0.0005455305217765272,1.213693380355835
4,34,1.620492696762085,-0.27899399399757385,9.8100004196167,-0.03280091658234596,-0.008056500926613808,1.3074921369552612
4,35,1.6392039060592651,-0.26278844475746155,9.8100004196167,0.01957693323493004,-0.006379971280694008,1.3960260152816772
4,36,1.651314616203308,-0.24235452711582184,9.8100004196167,0.021291861310601234,0.04069557040929794,1.4789384603500366
4,37,1.6567760705947876,-0.21802103519439697,9.8100004196167,-0.033877041190862656,0.0007746954797767103,1.5558959245681763
4,38,1.6555662155151367,-0.1901794970035553,9.8100004196167,0.004192626569420099,-0.009057462215423584,1.626588225364685
4,39,1.6476900577545166,-0.15927790105342865,9.8100004196167,0.015787603333592415,0.016302134841680527,1.6907309293746948
4,40,1.6331791877746582,-0.12581346929073334,9.8100004196167,-0.00705003971233964,0.0166957825422287,1.7480655908584595
4,41,1.612092137336731,-0.09032464027404785,9.8100004196167,-0.00341541669331491,-0.004188395570963621,1.7983614206314087
4,42,1.5845136642456055,-0.05338246002793312,9.8100004196167,-0.011475114151835442,-0.015238592401146889,1.8414158821105957
4,43,1.5505549907684326,-0.015581337735056877,9.8100004196167,0.010728353634476662,0.024158598855137825,1.8770556449890137
4,44,1.5103527307510376,0.022470494732260704,9.8100004196167,0.007883766666054726,-0.004370636306703091,1.905137062072754
4,45,1.46406888961792,0.06016077101230621,9.8100004196167,-0.002722235629335046,-0.02494000643491745,1.9255472421646118
4,46,1.411889672279358,0.09688303619623184,9.8100004196167,-0.0015593008138239384,-0.010804538615047932,1.9382039308547974
4,47,1.3540253639221191,0.1320464164018631,9.8100004196167,0.018848147243261337,-0.01897762529551983,1.9430562257766724
4,48,1.2907087802886963,0.16508512198925018,9.8100004196167,0.01673603057861328,-0.018064182251691818,1.940084457397461
4,49,1.222195029258728,0.19546754658222198,9.8100004196167,0.048147622495889664,-0.025565441697835922,1.9293005466461182
4,50,1.1487599611282349,0.22270482778549194,9.8100004196167,-0.014068959280848503,0.0017927679000422359,1.9107481241226196
4,51,1.0706992149353027,0.2463586926460266,9.8100004196167,-0.020760776475071907,0.02137169800698757,1.8845018148422241
4,52,0.9883270859718323,0.2660485506057739,9.8100004196167,-0.001790546695701778,0.05341983959078789,1.8506672382354736
4,53,0.9019753336906433,0.2814576029777527,9.8100004196167,0.01875646598637104,-0.017911244183778763,1.8093806505203247
4,54,0.8119916915893555,0.29233789443969727,9.8100004196167,0.04919702932238579,0.014536943286657333,1.7608084678649902
4,55,0.7187383770942688,0.29851436614990234,9.8100004196167,0.010924873873591423,2.0800125639652833e-05,1.7051459550857544
4,56,0.6225910186767578,0.29988762736320496,9.8100004196167,-0.03397229686379433,0.009726664051413536,1.6426174640655518
4,57,0.5239366888999939,0.29643556475639343,9.8100004196167,0.019609838724136353,-0.01817372627556324,1.5734747648239136
4,58,0.42317262291908264,0.2882137596607208,9.8100004196167,-0.0177802424877882,0.0310495775192976,1.4979963302612305
4,59,0.3207046091556549,0.2753545045852661,9.8100004196167,0.021258410066366196,-0.005651424638926983,1.4164859056472778
4,60,0.21694524586200714,0.2580646574497223,9.8100004196167,0.02303229086101055,0.012522388249635696,1.3292717933654785
4,61,0.11231230199337006,0.23662246763706207,9.8100004196167,0.002720174379646778,0.03938567638397217,1.2367050647735596
4,62,0.007227124646306038,0.21137294173240662,9.8100004196167,0.025685284286737442,0.002627537352964282,1.1391587257385254
4,63,-0.09788715839385986,0.18272234499454498,9.8100004196167,-0.014905475080013275,0.011525996960699558,1.0370253324508667
4,64,-0.20260727405548096,0.15113165974617004,9.8100004196167,-0.016455240547657013,-0.004689510446041822,0.9307161569595337
4,65,-0.3065115809440613,0.11710922420024872,9.8100004196167,-0.007775286212563515,0.014697977341711521,0.8206593990325928
4,66,-0.4091816544532776,0.08120245486497879,9.8100004196167,-0.0008316811290569603,-0.0006637774640694261,0.7072980999946594
4,67,-0.5102041363716125,0.04398910701274872,9.8100004196167,-0.03952973335981369,-0.005575112067162991,0.5910887718200684
4,68,-0.6091721653938293,0.006067960057407618,9.8100004196167,0.010523788630962372,-0.03893786668777466,0.4724993109703064
4,69,-0.7056872844696045,-0.031950823962688446,9.8100004196167,-0.03893781453371048,-0.007022933103144169,0.35200726985931396
4,70,-0.7993608117103577,-0.06945551186800003,9.8100004196167,-0.02984643541276455,-0.04219561815261841,0.23009783029556274
4,71,-0.889815628528595,-0.10584262758493423,9.8100004196167,-0.008463513106107712,0.002184547483921051,0.10726185888051987
4,72,-0.976687490940094,-0.1405266970396042,9.8100004196167,-0.02498156763613224,0.0022975425235927105,-0.01600601151585579
4,73,-1.059626579284668,-0.1729496419429779,9.8100004196167,0.04284145310521126,-0.030389655381441116,-0.13920943439006805
4,74,-1.1382988691329956,-0.20258976519107819,9.8100004196167,0.013594472780823708,-0.031594112515449524,-0.26185229420661926
4,75,-1.2123876810073853,-0.22897014021873474,9.8100004196167,-0.007081423420459032,-0.01734428107738495,-0.3834407925605774
4,76,-1.2815946340560913,-0.2516663074493408,9.8100004196167,0.028394103050231934,-0.017821962013840675,-0.5034853219985962
4,77,-1.345641016960144,-0.2703130543231964,9.8100004196167,0.015554445795714855,-0.02670494094491005,-0.6215024590492249
4,78,-1.4042690992355347,-0.2846103608608246,9.8100004196167,-0.001541055622510612,-0.028491554781794548,-0.737017035484314
4,79,-1.4572426080703735,-0.2943281829357147,9.8100004196167,0.043384257704019547,0.016040125861763954,-0.8495638966560364
4,80,-1.5043482780456543,-0.29931017756462097,9.8100004196167,0.002812575316056609,-0.02377411350607872,-0.9586898684501648
4,81,-1.5453964471817017,-0.29947614669799805,9.8100004196167,0.029031412675976753,0.028293495997786522,-1.063955545425415
4,82,-1.5802218914031982,-0.29482340812683105,9.8100004196167,-0.00010680564446374774,-0.02500367909669876,-1.1649370193481445
4,83,-1.6086844205856323,-0.28542688488960266,9.8100004196167,0.012966492213308811,-0.0024652197025716305,-1.2612277269363403
4,84,-1.6306692361831665,-0.27143773436546326,9.8100004196167,-0.00642829854041338,0.02515128254890442,-1.3524398803710938
4,85,-1.6460880041122437,-0.2530810236930847,9.8100004196167,0.026857247576117516,-0.0034176711924374104,-1.4382063150405884
4,86,-1.6548784971237183,-0.23065215349197388,9.8100004196167,0.034832846373319626,-0.00333421234972775,-1.518181562423706
4,87,-1.6570053100585938,-0.20451201498508453,9.8100004196167,0.019098568707704544,-0.007685705553740263,-1.5920436382293701
4,88,-1.6524600982666016,-0.17508119344711304,9.8100004196167,-0.009962493553757668,-0.02006847970187664,-1.6594951152801514
4,89,-1.6412608623504639,-0.14283324778079987,9.8100004196167,-0.030376527458429337,-0.003985452465713024,-1.7202643156051636
4,90,-1.6234530210494995,-0.10828706622123718,9.8100004196167,-0.017288604751229286,-0.01757248491048813,-1.774106740951538
4,91,-1.5991079807281494,-0.07199850678443909,9.8100004196167,-0.004498235881328583,-0.009608712047338486,-1.820805311203003
4,92,-1.5683239698410034,-0.0345514640212059,9.8100004196167,-0.022655410692095757,-0.023529428988695145,-1.8601722717285156
4,93,-1.5312247276306152,0.0034515277948230505,9.8100004196167,0.04250461980700493,-0.023138105869293213,-1.892048954963684
4,94,-1.4879599809646606,0.04139898344874382,9.8100004196167,-0.02053551748394966,-0.014800461940467358,-1.916306972503662
4,95,-1.4387036561965942,0.07868031412363052,9.8100004196167,0.016111189499497414,-0.012926362454891205,-1.9328486919403076
4,96,-1.3836541175842285,0.11469564586877823,9.8100004196167,-0.020763469859957695,-0.03039444237947464,-1.9416075944900513
4,97,-1.3230332136154175,0.1488654762506485,9.8100004196167,-0.004054120741784573,-0.004149590153247118,-1.9425482749938965
4,98,-1.257084846496582,0.18064001202583313,9.8100004196167,-0.021687716245651245,-0.004884782247245312,-1.9356670379638672
4,99,-1.1860746145248413,0.2095079869031906,9.8100004196167,-0.0054554021917283535,-0.011182475835084915,-1.9209915399551392
